sample_id,mse,ssim,psnr,pixcorr,fid,clip_similarity
0,0.1783987134695053,0.15473879584662562,13.50668297039378,0.64014626,0.019899856,0.90553796
1,0.16108469665050507,0.25641331022359,13.950057249602237,0.60136265,0.0065537007,0.9065208
2,0.21341075003147125,0.11517201155046008,12.728436744057712,0.5540909,0.019911705,0.889137
3,0.026469824835658073,0.8079258394831684,21.7930894222328,0.97267115,0.003075896,0.9873634
4,0.1203446090221405,0.6254149824063379,15.216333574592465,0.84205216,0.00180065,0.93011004
5,0.3628782033920288,0.11605664481119539,10.422991270736567,0.43031576,0.039440654,0.7719522
6,0.13207171857357025,0.5719286750853908,14.812501750351029,0.8248091,0.0038995305,0.92278606
7,0.4363263249397278,0.04126607133739451,9.622485445776213,0.27349627,0.025446668,0.7199633
8,0.2035459727048874,0.19348545132021727,12.9339744853983,0.5723255,0.01897372,0.88373417
9,0.2440386265516281,0.09070101859108096,12.146014461468514,0.33150846,0.008871619,0.85755616
10,0.302295982837677,0.15113468437744468,11.216276247464485,0.52929664,0.034415446,0.81252664
11,0.2263038009405136,0.07758308424259594,12.473681291730099,0.28057107,0.0045803497,0.8672179
12,0.17035917937755585,0.2597467409473775,13.706944282547449,0.6777244,0.017464517,0.90827775
13,0.18694254755973816,0.14403308709014792,13.30351817835204,0.41246098,0.010760846,0.8958257
14,0.1874779611825943,0.14105683897981758,13.291097541553267,0.61307853,0.019366916,0.90127146
15,0.21106326580047607,0.18843831529639746,12.776473167862807,0.558597,0.015434505,0.8810537
16,0.16300685703754425,0.22383241510607518,13.898541647203677,0.5839044,0.013484557,0.90780014
17,0.1693871021270752,0.20701333398900423,13.731796660269708,0.5767708,0.014418083,0.906192
18,0.48837411403656006,0.018125191098883348,9.133073446513594,0.07215427,0.0006582695,0.72815704
19,0.22403518855571747,0.09748979650167479,12.517437511010316,0.5139602,0.018282367,0.8801249
20,0.30976253747940063,0.1422945247262354,11.110311054681379,0.5049279,0.032882582,0.80737394
21,0.15121786296367645,0.2456453673797467,14.224568431241675,0.62167674,0.013389051,0.9144667
22,0.21909432113170624,0.27587519059781984,12.614288815326933,0.58260655,0.00313047,0.86993116
23,0.023987872526049614,0.8329036478049406,22.22068277247615,0.9909972,0.004561152,0.9961403
24,0.22804057598114014,0.09200105156419001,12.440478193864967,0.50096035,0.018992819,0.87779063
25,0.21712854504585266,0.16601244847144458,12.653430653689572,0.54267013,0.017528797,0.878227
26,0.22414854168891907,0.16364160161511107,12.515240742315964,0.5252348,0.018548021,0.87256455
27,0.2557770013809204,0.27630311729143997,11.941985191294437,0.5644088,0.02733385,0.84266406
28,0.5431873798370361,0.02810280596297015,8.671103100358339,0.107326455,0.00065159827,0.6894509
29,0.24153752624988556,0.24784978600144328,12.190754083798582,0.7076942,0.035078883,0.8564071
30,0.24603544175624847,0.09054238723884053,12.11062344662043,0.44365805,0.0142577095,0.8621617
31,0.1859319508075714,0.14184789604811412,13.327060007517122,0.6211741,0.019893488,0.90271115
32,0.2055635303258896,0.20986642513336606,12.891139473191656,0.54825616,0.017401,0.87867355
33,0.171762153506279,0.19494537123067826,13.671325486726936,0.47393632,0.010705421,0.9060298
34,0.12113641947507858,0.3330002945928326,15.187852616698642,0.666044,0.010512289,0.9382862
35,0.2745726406574249,0.18021948192995485,11.634027198433493,0.40508628,0.01871354,0.83329177
36,0.1689406782388687,0.2696135296004782,13.743257161756294,0.6759304,0.018850025,0.9049371
37,0.2515818178653717,0.2287944297777433,12.013807233971567,0.66095006,0.031226084,0.8498891
38,0.2736668884754181,0.14839731079869237,11.648377338186524,0.40343836,0.02207082,0.8320423
39,0.1755915731191635,0.20774444374222162,13.575563592507693,0.5729811,0.013231919,0.9034373
40,0.19480296969413757,0.22248609215125162,13.124644216941302,0.4810995,0.0085484935,0.88454217
41,0.2406333088874817,0.13659469110286054,12.207042598498356,0.43571436,0.0048947437,0.8541059
42,0.202755406498909,0.20409141896133337,12.950875627434746,0.5906303,0.01900105,0.88940215
43,0.5276436805725098,0.03450999240033352,8.797192622907628,0.19867301,0.006976761,0.6869966
44,0.18227876722812653,0.1494534644827416,13.413238965249546,0.6345005,0.019662464,0.90537816
45,0.1885162591934204,0.21919221305629924,13.267111661250262,0.61492586,0.018189842,0.89241827
46,0.06486476957798004,0.693636886289147,17.900510945940084,0.9189064,0.006918518,0.9673908
47,0.3257733881473541,0.04613885832907178,10.891443909530974,0.223495,0.022009114,0.79721165
48,0.18325380980968475,0.23013347250213154,13.390069902050561,0.63464355,0.018286524,0.8985461
49,0.2898809611797333,0.11570415278164403,11.398403178610785,0.34404588,0.021839038,0.82029915
50,0.2499939650297165,0.25569532895537694,12.041304626128573,0.6725787,0.033324685,0.84882396
51,0.20987606048583984,0.1153092715876708,12.800970948817735,0.5551192,0.01869899,0.88943785
52,0.292706161737442,0.21016107829122166,11.356281531632462,0.4574306,0.02560755,0.81689286
53,0.4516493082046509,0.014270576896195068,9.472586565604267,0.15238366,0.0031139392,0.72558886
54,0.17824339866638184,0.40343255562741936,13.510465450622696,0.6731219,0.013906493,0.8941237
55,0.3421863913536072,0.0924149543706117,10.677972565525842,0.4190495,0.031202227,0.78607
56,0.26284438371658325,0.2672928474045672,11.823612640496231,0.5400028,0.025279861,0.83747596
57,0.24835476279258728,0.31422119228786755,12.06987516225926,0.5781582,0.020613952,0.8487448
58,0.31172293424606323,0.12880948102998852,11.08291245482908,0.49989867,0.03019959,0.807199
59,0.06462833285331726,0.6888736468963017,17.916370387266056,0.95241696,0.009245538,0.96695656
60,0.4326881766319275,0.04805049717304593,9.658849614951832,0.18567723,0.01185127,0.72663456
61,0.5847368836402893,-0.0030657203700748367,8.350995098967974,0.05772098,0.0008381611,0.67143846
62,0.23408305644989014,0.32090517056794177,12.326899887133557,0.6256803,0.026416486,0.8579655
63,0.16197815537452698,0.28900162110870997,13.926035153985392,0.6944674,0.014753632,0.9113544
64,0.21904811263084412,0.5065163643267654,12.615205067585268,0.7242826,0.0023817024,0.8727928
65,0.24658693373203278,0.13374254343557557,12.100899411614801,0.3527915,0.004048803,0.85429156
66,0.2136276811361313,0.17671437189839842,12.724024231253367,0.5296673,0.018319689,0.8750072
67,0.32348963618278503,0.03521650474388382,10.921996199360196,0.21902543,0.008494806,0.8134614
68,0.25551262497901917,0.24597643535153185,11.946476439509226,0.65741754,0.030760435,0.84511495
69,0.18099485337734222,0.24149687497584102,13.443937714353131,0.6460842,0.017420061,0.90159166
70,0.1310567408800125,0.5875887169196243,14.846005882760316,0.82599187,0.0033348016,0.9234096
71,0.13207818567752838,0.5876651082971048,14.812289079820545,0.82496023,0.0033013693,0.92292076
72,0.03713659942150116,0.8030231073460241,20.322578658091224,0.98443556,0.0070300335,0.99297965
73,0.38132569193840027,0.10322401673611915,10.207639198927929,0.38543814,0.02917356,0.7584352
74,0.16066516935825348,0.23621280764663508,13.961382587697553,0.61312526,0.013200539,0.91243774
75,0.19628684222698212,0.13778691416441577,13.091688139860889,0.403297,0.00947066,0.8893478
76,0.20699575543403625,0.19109503490502044,12.860985677728852,0.5588479,0.015651973,0.8821898
77,0.2757251560688019,0.18328857031318432,11.615835838692558,0.5996412,0.032279894,0.8330711
78,0.25751104950904846,0.19621033699363316,11.912641049577887,0.4602724,0.019866165,0.8434651
79,0.22514116764068604,0.15711683697027032,12.496050442261787,0.50909173,0.01746276,0.8694886
80,0.3816496431827545,0.08586397094539971,10.203951018241353,0.37062806,0.015378889,0.7636151
81,0.2167578786611557,0.4942954769529779,12.660851307215971,0.722873,0.0035714796,0.87315065
82,0.25458815693855286,0.20938153064223813,11.962217828397627,0.47945184,0.021246627,0.84753084
83,0.19800712168216705,0.13349830479844307,13.053791845848163,0.39894295,0.01210814,0.89092743
84,0.1994115114212036,0.5129583093101336,13.02309747305301,0.7461877,0.004773303,0.8836079
85,0.43598324060440063,0.05907758274755425,9.625901854938794,0.19875711,0.0100651765,0.726073
86,0.236960306763649,0.47535135309319665,12.273843690977117,0.6377201,0.0018392735,0.85809755
87,0.19806994497776031,0.1903840843633814,13.052414619987093,0.58802325,0.019502342,0.8887536
88,0.27143603563308716,0.2472914972237681,11.683924780736652,0.5183377,0.026862055,0.83200914
89,0.31704339385032654,0.09212286415454438,11.009412779577378,0.30172986,0.015330833,0.80176866
90,0.22042405605316162,0.160975022453859,12.588010412371002,0.52118707,0.017167987,0.8741309
91,0.3018741309642792,0.13871071715661218,11.22234120362503,0.5419574,0.0362875,0.81367624
92,0.2048366665840149,0.19216373025254835,12.906522660386052,0.5553911,0.019107666,0.8799453
93,0.019920747727155685,0.8662821529202225,23.02754305396845,0.97905356,0.0011435383,0.98967546
94,0.1563299149274826,0.24049453264773893,14.08017911568069,0.62173545,0.011966247,0.9139432
95,0.19351427257061005,0.338066829699919,13.153469698717203,0.6556962,0.021969102,0.88435453
96,0.21893242001533508,0.17389163893610451,12.617499226348967,0.54467696,0.018568126,0.8767943
97,0.39368730783462524,0.14288986218336264,10.069085663886675,0.36222294,0.030723916,0.75338334
98,0.27888768911361694,0.17304932294713626,11.566306283791466,0.6018225,0.035284854,0.82932144
99,0.2597249746322632,0.23516303956138704,11.875462644285342,0.63984424,0.032165624,0.84285337
100,0.18965008854866028,0.2200313249458838,13.241069346754788,0.6092655,0.01895495,0.8927387
101,0.2074461132287979,0.4874415687919274,12.851546881012702,0.73253214,0.005640872,0.877938
102,0.33209657669067383,0.05100288164684879,10.80795652367247,0.23068485,0.018887417,0.7913387
103,0.20740121603012085,0.3266323752757085,12.852486973020529,0.75515306,0.027047798,0.8784534
104,0.2286335676908493,0.2740401051022605,12.429199954566645,0.7229042,0.031349804,0.8654747
105,0.38989171385765076,0.08624321295016768,10.111159466644683,0.35608655,0.03535484,0.7525976
106,0.1127064973115921,0.3621888777781035,15.501110567027307,0.6894591,0.0096251,0.94197804
107,0.3780343532562256,0.1097062496208174,10.245287154118918,0.28569144,0.014915417,0.7568527
108,0.2852133512496948,0.07892938561306714,11.468901531873186,0.29135734,0.0056502507,0.8293206
109,0.2736862003803253,0.23642582632453937,11.648071220540725,0.51627624,0.028311426,0.8300128
110,0.21654759347438812,0.48368877226333384,12.665066583854106,0.7206608,0.004664026,0.87274325
111,0.1658257693052292,0.29252510075457394,13.82408000007583,0.6748219,0.016248519,0.90371877
112,0.12017479538917542,0.5377043560378192,15.222465751019547,0.919781,0.02088535,0.93572474
113,0.3611918091773987,0.13821020666755204,10.44322106585482,0.40305507,0.016669659,0.7725186
114,0.09303683042526245,0.4210701977655454,16.33405105009144,0.77277684,0.009673754,0.95504415
115,0.017015697434544563,0.8956358032531975,23.71210236749679,0.9753021,0.00013876255,0.9904617
116,0.13735345005989075,0.2968560254654928,14.642204366156657,0.68736804,0.013394354,0.9267295
117,0.14503617584705353,0.2680515659326487,14.405836714990324,0.6595318,0.012941694,0.9216173
118,0.2924749553203583,0.14980647163905783,11.359713186231328,0.5628257,0.03506099,0.8198845
119,0.20471526682376862,0.17668100764055175,12.909097623566723,0.56065214,0.018955404,0.88325256
120,0.22459903359413147,0.34362294312762787,12.506520908623656,0.6587616,0.02747374,0.8658962
121,0.318439245223999,0.1938855511303279,10.990334266002627,0.5481849,0.038161773,0.8025093
122,0.21299748122692108,0.5082850755929357,12.736855634310032,0.73018485,0.0032349287,0.87624824
123,0.2803668975830078,0.21642163933869565,11.543332788351995,0.4928831,0.029066551,0.8250361
124,0.21738453209400177,0.18777720559652258,12.64831367554786,0.54339504,0.016536538,0.87597185
125,0.22462689876556396,0.12557084346502406,12.505982584988374,0.36286005,0.005206534,0.8683439
126,0.2996613383293152,0.20031819560359163,11.254293065038347,0.437944,0.022876907,0.8116344
127,0.24578598141670227,0.12674686486612954,12.1150288189349,0.46000102,0.0155794015,0.8572396
128,0.14456871151924133,0.28054363112243647,14.419857073543414,0.6645861,0.011344377,0.92220867
129,0.15257084369659424,0.20867616737748243,14.185884064702815,0.7179631,0.017103083,0.92191905
130,0.1957339644432068,0.35156466110565215,13.103937998230412,0.7833486,0.026926048,0.88614744
131,0.013078448362648487,0.8885628623841715,24.855037582289047,0.9797549,4.207871e-05,0.9926097
132,0.292226105928421,0.10090237939987651,11.363409663299597,0.33466607,0.021923643,0.81876445
133,0.18632328510284424,0.22021445265964149,13.317928409160217,0.62643576,0.019424314,0.8943066
134,0.2361658811569214,0.3661013968270378,12.28842814594599,0.61137056,0.019202033,0.8584776
135,0.2186046540737152,0.5021988795930882,12.624005800612695,0.72304034,0.0028315063,0.87269723
136,0.3148370385169983,0.12507534961969966,11.039741470902857,0.50814635,0.036320876,0.80560064
137,0.28541097044944763,0.13857533978918868,11.465892909799383,0.37193388,0.020777171,0.8237896
138,0.21007733047008514,0.19315653833040383,12.796807984274048,0.5658952,0.018274935,0.8819353
139,0.249200701713562,0.23633086855411684,12.055107317845717,0.66449153,0.030323079,0.8494318
140,0.2601682245731354,0.22978690073128852,11.86805759715751,0.63915,0.03229976,0.8428685
141,0.14179491996765137,0.28923950535591597,14.50399311088294,0.6522348,0.009343253,0.9199885
142,0.19266654551029205,0.18628352858764283,13.17253713133399,0.5376745,0.015213165,0.895175
143,0.2594202756881714,0.22656112297042177,11.880561027820207,0.64384997,0.032954805,0.8433703
144,0.28427305817604065,0.21519708808743365,11.483242472825388,0.47953033,0.027423542,0.8224628
145,0.21007545292377472,0.17943662205340113,12.796847099537827,0.56093144,0.018559914,0.8811204
146,0.2242027223110199,0.18970346944059968,12.514191189155655,0.4040641,0.007267995,0.86975086
147,0.1844424605369568,0.2287528924990353,13.361991010756835,0.62746435,0.019078905,0.89408594
148,0.37641996145248413,0.10207608751789089,10.263873524249014,0.39147544,0.033651628,0.76177007
149,0.1498137265443802,0.22414565880057472,14.265083734981,0.7111973,0.01233376,0.92289865
150,0.43112701177597046,0.05671803090291546,9.67454757642505,0.29615024,0.023293102,0.7270555
151,0.22462616860866547,0.10822615136541106,12.505996405956521,0.32313597,0.0046470156,0.86815464
152,0.23417428135871887,0.28953724462839137,12.32520809104191,0.69922125,0.029915312,0.8620218
153,0.12964650988578796,0.6118083733724707,14.892991600368317,0.8298385,0.0014547047,0.9248185
154,0.259884238243103,0.20821644219691088,11.872800484035661,0.65282357,0.034488328,0.8425038
155,0.17141547799110413,0.20396847816940983,13.68009924934864,0.56333816,0.01080923,0.9020981
156,0.026742147281765938,0.807981600932977,21.748637163249903,0.96477216,0.0018638127,0.98638266
157,0.22823259234428406,0.2797524044646166,12.436822842169553,0.71074915,0.02854357,0.86370385
158,0.28397136926651,0.22597949213227103,11.487854232070466,0.4797932,0.024372673,0.822574
159,0.2829338014125824,0.22948783671354475,11.50375161692429,0.4829257,0.02427253,0.8233392
160,0.26307687163352966,0.1891008351885229,11.819773476176445,0.45086497,0.01856081,0.8398473
161,0.2501974403858185,0.28267978805681104,12.037771563350798,0.69805586,0.03422098,0.85017204
162,0.29083433747291565,0.15663745367566648,11.384143285377382,0.56733674,0.034868933,0.8210044
163,0.0983458086848259,0.407971193546037,16.093041651331998,0.7451905,0.009160209,0.95076513
164,0.29591456055641174,0.17093155101051818,11.308936395351509,0.5391996,0.031168912,0.8169312
165,0.18256276845932007,0.3823579060229327,13.40647780545017,0.8056816,0.025285346,0.8960472
166,0.21053637564182281,0.5033321112536147,12.787328543992631,0.7312131,0.0039767786,0.8770386
167,0.34686779975891113,0.15220691072059436,10.618959648691707,0.4680087,0.035418905,0.78271514
168,0.27139878273010254,0.19177519825473813,11.68452097147689,0.62526643,0.03541688,0.8342587
169,0.28236377239227295,0.22336919295836302,11.512510192201397,0.48502266,0.026126076,0.82388604
170,0.26286232471466064,0.06831805299805653,11.823316665605164,0.43183142,0.016794115,0.85497254
171,0.3145535886287689,0.08805951670768059,11.043653644003237,0.2702899,0.02282783,0.8088729
172,0.2241777628660202,0.0954235628226959,12.51467470900721,0.34767833,0.009685829,0.8715259
173,0.3356326222419739,0.05452997192675926,10.761957902932513,0.23118316,0.0072839665,0.8002417
174,0.21443168818950653,0.10240804739021032,12.70771056464525,0.53237355,0.018977992,0.88528633
175,0.3640446662902832,0.12713201840690525,10.409053243562585,0.3093319,0.014987362,0.7690974
176,0.321376770734787,0.16222657009618635,10.950455186752034,0.51729125,0.035102997,0.8077667
177,0.2644999027252197,0.18006170129794088,11.796344577465936,0.43609223,0.020218516,0.8383188
178,0.25019097328186035,0.36711708262151466,12.037883280819855,0.6598264,0.015007892,0.84883416
179,0.2929782569408417,0.10542131761376518,11.35224584370234,0.32749754,0.023982385,0.81817055
180,0.20294785499572754,0.523206488049525,12.9467554196739,0.744027,0.0037613022,0.8825419
181,0.2865787446498871,0.1606800482431109,11.448160317807076,0.578374,0.03514855,0.8241899
182,0.15790194272994995,0.4845630677622812,14.036725002371886,0.8078192,0.014787906,0.91111445
183,0.13075217604637146,0.5994459363922462,14.856110551865125,0.8271804,0.0022386187,0.9239245
184,0.44767940044403076,0.041101008587375414,9.510928923122295,0.2710522,0.021137005,0.71447736
185,0.1809224635362625,0.16495799038846387,13.44567526899936,0.6443577,0.017751466,0.9081117
186,0.17367400228977203,0.16708125125483056,13.623251759573067,0.66984737,0.020400465,0.9119015
187,0.1969902068376541,0.15731090881314785,13.076153472840033,0.61406016,0.016859416,0.9001656
188,0.16839073598384857,0.17804534850263976,13.757417993048993,0.6699246,0.018722184,0.91150415
189,0.2292647808790207,0.13144177285119643,12.417226058973439,0.49068496,0.018292688,0.86817455
190,0.29857510328292847,0.14648719974033428,11.270064037367398,0.54101527,0.033804532,0.8157224
191,0.2948865592479706,0.14799487083950194,11.324049937899831,0.5623268,0.036526423,0.81830657
192,0.17679540812969208,0.16446947090617334,13.54589039635108,0.6520436,0.018583534,0.90927225
193,0.3021714985370636,0.15739380990776564,11.218065098073298,0.53398514,0.035124123,0.8128377
194,0.18853595852851868,0.2265353080973391,13.266658208506428,0.6128362,0.018928243,0.89129424
195,0.1996227353811264,0.21056072698699932,13.018499910808083,0.595317,0.017802075,0.89035547
196,0.30266422033309937,0.16879934772904645,11.210989320913685,0.42384744,0.02955271,0.809595
197,0.20207451283931732,0.4409943553462744,12.965483846494276,0.7477057,0.015722206,0.88169754
198,0.16590476036071777,0.27739683615547905,13.82201094183825,0.6866458,0.018410329,0.9057202
199,0.195782870054245,0.1252715625003565,13.102853000017323,0.57615095,0.018948158,0.89418805
200,0.07684507966041565,0.6404262429770959,17.16443926946905,0.9580189,0.0136356605,0.96716607
201,0.17207682132720947,0.2604200635249688,13.663376462772678,0.6634988,0.015170983,0.90401626
202,0.18146254122257233,0.21342002717315792,13.43273004034809,0.5629916,0.013792299,0.90075105
203,0.5230384469032288,-0.018555757102209205,8.835263806904662,0.15178987,0.020209974,0.6796149
204,0.2667478621006012,0.04740096604414736,11.759590305278138,0.1947974,0.0044096354,0.84154093
205,0.5381453037261963,0.17922917948498035,8.711604517440835,0.30615103,0.0043892176,0.6988627
206,0.384136825799942,0.09710736057231846,10.175740340648076,0.3763865,0.03065597,0.7564597
207,0.1981962025165558,0.27308414425123156,13.049646909767512,0.6067698,0.006859355,0.88532674
208,0.29865527153015137,0.14471753181510583,11.268897897231202,0.5531248,0.036469728,0.8159682
209,0.20988160371780396,0.1881872204402731,12.80085611593275,0.53637356,0.01839383,0.87633514
210,0.30649256706237793,0.15494289821808632,11.156400577911384,0.5174798,0.03387146,0.80977243
211,0.21748632192611694,0.5026688669777644,12.646280200494129,0.7240193,0.002906016,0.87315255
212,0.215584859251976,0.17587798010569436,12.68441744802048,0.51687276,0.018364742,0.8725501
213,0.1507423222064972,0.21819763094444627,14.238247964832627,0.71688944,0.013984568,0.92400485
214,0.26754841208457947,0.21526655834144143,11.746575895688059,0.6069429,0.028381616,0.83713305
215,0.16080495715141296,0.3044308933222882,13.957605455783275,0.68464607,0.014494819,0.90731955
216,0.1495678722858429,0.32193031156876256,14.272217057343244,0.73834574,0.017340127,0.92007464
217,0.4045511782169342,0.17232705434027654,9.950865361288791,0.36428523,0.020885268,0.7481471
218,0.17956016957759857,0.27349000978033433,13.478499365348355,0.63946223,0.01002204,0.8973182
219,0.24212417006492615,0.24903674623236244,12.180218656636203,0.6817812,0.030167967,0.85470486
220,0.2184825837612152,0.5032060461702185,12.626431868158107,0.7231752,0.0029831608,0.8729609
221,0.21776537597179413,0.5086089432940268,12.640711701604925,0.7262982,0.0022769019,0.87354344
222,0.023298636078834534,0.8675768292886167,22.34729521094398,0.9701113,0.0016722651,0.98679644
223,0.14473551511764526,0.25991299571354876,14.414849109509246,0.59320724,0.012499541,0.9265061
224,0.31748145818710327,0.07941652030777602,11.003416592065644,0.27916157,0.0069610206,0.80876136
225,0.1820770502090454,0.23150648657917544,13.418047691560117,0.64042306,0.018252349,0.89801764
226,0.28191903233528137,0.23345858227242217,11.519356177337578,0.48638183,0.023556156,0.82412136
227,0.5031253099441528,0.050900998223449574,9.003838118165362,0.13118461,0.00020585525,0.71269137
228,0.19787223637104034,0.11202668271245092,13.05675151658576,0.36850756,0.010395815,0.88812596
229,0.09454963356256485,0.4146772308978887,16.264001526301545,0.76701206,0.009699538,0.9541582
230,0.32286888360977173,0.18613635054510472,10.930337900314528,0.5325908,0.037015595,0.79943454
231,0.2089931070804596,0.17762403610119562,12.819280114474306,0.55569065,0.019730536,0.8802853
232,0.1894637942314148,0.21632081843298775,13.245337594222182,0.6220832,0.01986409,0.8937478
233,0.16169197857379913,0.21792310836300646,13.933715236216212,0.5807418,0.012965962,0.9073202
234,0.1750902682542801,0.18746872935917955,13.587979870097922,0.52404326,0.012586231,0.8975195
235,0.20156599581241608,0.11145970808803582,12.976426974718239,0.3702101,0.011150964,0.8869304
236,0.16357238590717316,0.2194629909516618,13.88349954788379,0.582096,0.013300901,0.9074284
237,0.16359245777130127,0.4589812031269751,13.882967075959428,0.8325932,0.02147562,0.9037081
238,0.18508268892765045,0.22825145260007543,13.34694172971268,0.6293621,0.016457697,0.8962378
239,0.2710035741329193,0.16513162575412468,11.690849726428551,0.41684425,0.01972453,0.83365804
240,0.22630220651626587,0.13383480405684153,12.473711673302965,0.4846756,0.018988518,0.86822647
241,0.13587412238121033,0.4999912070853189,14.689232456090075,0.8075247,0.017436145,0.923388
242,0.27229586243629456,0.27649006924954195,11.67018954605991,0.6550689,0.03397149,0.8347643
243,0.25269100069999695,0.08173621546119055,11.99470237771969,0.31621385,0.00955259,0.85213894
244,0.12315426766872406,0.6161190984498378,15.116105399016506,0.83777934,0.0023518594,0.9283479
245,0.1717139482498169,0.4177348314888375,13.672544548169876,0.69858277,0.014301005,0.9019348
246,0.20026059448719025,0.24442604183477218,13.00464503686337,0.56844527,0.00907579,0.88298863
247,0.18850843608379364,0.1403387592280907,13.267292160193325,0.6114892,0.019518916,0.9010003
248,0.1422366350889206,0.26512080375431657,14.490485042678163,0.5883698,0.011415045,0.9259305
249,0.12232165783643723,0.6211791204453123,15.14556651293236,0.8391944,0.0020857092,0.9289414
250,0.2810160219669342,0.14567118142921504,11.533288992771348,0.3788033,0.021088364,0.8265211
251,0.24123643338680267,0.07800463705690006,12.196170905608843,0.31677067,0.008724438,0.85928935
252,0.2375394105911255,0.3239016806138119,12.263243444051703,0.61379087,0.025429782,0.85633385
253,0.13230565190315247,0.5965716438526711,14.80481607978766,0.82481587,0.0022326931,0.92292446
254,0.183746799826622,0.24390289292205125,13.37840173625008,0.6413216,0.016023433,0.8990312
255,0.214727520942688,0.18462226625273584,12.701722560695078,0.5417361,0.01673108,0.87649083
256,0.2840471565723419,0.21156728930515428,11.486695690736434,0.48439616,0.029025398,0.82285297
257,0.01853267103433609,0.835527956762836,23.34121986964927,0.9795218,0.0018304259,0.99115825
258,0.19204026460647583,0.20861615118883492,13.186676728600673,0.6091298,0.018306287,0.891513
259,0.14505495131015778,0.5387235434239053,14.405274324658201,0.8072783,0.0060044406,0.9148492
260,0.20520173013210297,0.43883645742970817,12.898789889294346,0.73996323,0.014598851,0.8796942
261,0.12175744771957397,0.2769640962398911,15.165644508773045,0.7818285,0.010965035,0.93897986
262,0.1993248164653778,0.12467349325532058,13.024985872857668,0.37354898,0.011051633,0.8881544
263,0.38388630747795105,0.09857209819566672,10.178573429503654,0.37743658,0.01310465,0.76273346
264,0.24652037024497986,0.09972223075677797,12.102071413094745,0.33892092,0.010552512,0.85727584
265,0.19693635404109955,0.21659211310161633,13.077340833438837,0.59969574,0.015711183,0.89091265
266,0.33977919816970825,0.15983728286635385,10.708631613573786,0.38074967,0.009466605,0.788965
267,0.26507651805877686,0.18126624348344406,11.786887206502323,0.4397373,0.02000113,0.8384335
268,0.18137545883655548,0.20138883443585595,13.434814797166684,0.56029606,0.014483508,0.90108746
269,0.1841803640127182,0.22666971728230695,13.368166651128927,0.6326626,0.017954635,0.8964907
270,0.31191715598106384,0.16035294229362435,11.080206939870363,0.3994689,0.028622761,0.8042244
271,0.28107160329818726,0.17936731230497382,11.532430440655563,0.59570175,0.03648647,0.827671
272,0.30533644556999207,0.19334998286227678,11.172813523600553,0.42583904,0.022043483,0.80761665
273,0.2560788691043854,0.28503952148776457,11.936862635457622,0.559927,0.023704056,0.84335524
274,0.16892331838607788,0.27315929058217875,13.743704154179955,0.6782942,0.019048505,0.9056145
275,0.28957101702690125,0.21160310108747626,11.403048874391505,0.46531093,0.025808357,0.81897587
276,0.2585955560207367,0.23058934356105198,11.894389386381425,0.6393327,0.031185811,0.8442896
277,0.20580025017261505,0.20825433590929726,12.886140833398407,0.5840466,0.017487992,0.8872782
278,0.33329418301582336,0.08305301358836727,10.792322343079054,0.26017874,0.013870493,0.79426754
279,0.208632230758667,0.10269251340312711,12.826785930387846,0.36659342,0.012800279,0.8846282
280,0.17375820875167847,0.1702541609028689,13.621146380632435,0.654692,0.017350173,0.90995866
281,0.2073742002248764,0.18584501042831347,12.8530527124216,0.57028717,0.018001031,0.8848346
282,0.18949125707149506,0.14943642849967614,13.244707938665288,0.418576,0.010650288,0.89471227
283,0.15188488364219666,0.5274067112467875,14.205454600181866,0.80150616,0.008479875,0.9106737
284,0.2109345644712448,0.37035997752687116,12.779122691393232,0.69422364,0.026678313,0.87375957
285,0.36272376775741577,0.11148981418805043,10.424840026905297,0.30426902,0.0061334977,0.7726149
286,0.32561877369880676,0.03438295214781955,10.893505812784568,0.25939527,0.008568864,0.8092365
287,0.1658613234758377,0.2828962875814908,13.823148549105825,0.679893,0.013534459,0.9081847
288,0.22450751066207886,0.2636575307472766,12.508291303784027,0.5735993,0.0039372975,0.86632645
289,0.12412244081497192,0.6124740222181301,15.082096396481884,0.83666843,0.0025272013,0.92785394
290,0.31855979561805725,0.09378314583729722,10.988689975210184,0.27453974,0.017974425,0.8009831
291,0.14561429619789124,0.33896378812828476,14.388559555216743,0.74434304,0.017145392,0.9191028
292,0.028250569477677345,0.8743967717005448,21.51032763729893,0.9760771,0.0022305362,0.983781
293,0.18827660381793976,0.2216512095243266,13.272636323310758,0.6136896,0.018853541,0.8936456
294,0.15985684096813202,0.22451635015780136,13.98328805172445,0.60084057,0.01372071,0.9107962
295,0.2287779301404953,0.22945069123105452,12.42645880641416,0.54890716,0.0061636018,0.86382306
296,0.41618698835372925,0.04615112811193247,9.827715096306846,0.2963843,0.038413838,0.7388195
297,0.17957516014575958,0.2468305408174349,13.47813712605772,0.64797235,0.017004158,0.9002667
298,0.18627232313156128,0.15037547251665445,13.319116320123669,0.4339522,0.012090709,0.89849275
299,0.011668606661260128,0.8692918003744576,25.350409969343875,0.98371357,0.0004952054,0.99394035
300,0.20383989810943604,0.1935060123715998,12.927707661133425,0.555681,0.018525494,0.88215417
301,0.06640923023223877,0.7270585477798561,17.79831520150694,0.9124429,0.0062777107,0.96180576
302,0.24297118186950684,0.07354747385848776,12.165052136781405,0.45052108,0.017007438,0.8659207
303,0.1900942623615265,0.19647435840096109,13.23091002713381,0.58654016,0.019985417,0.89352876
304,0.30960988998413086,0.06870229324815137,11.11245141929609,0.27326858,0.022742199,0.8070662
305,0.28833821415901184,0.17183189635046095,11.421578168584576,0.5568889,0.030140614,0.8224891
306,0.14049042761325836,0.4868266175208567,14.544132288443862,0.86804944,0.019720264,0.9223988
307,0.077475406229496,0.6524169597474566,17.128961152192346,0.94286036,0.011470582,0.95979166
308,0.2612094581127167,0.2085239216004602,11.850710721353966,0.63968545,0.032204717,0.84137625
309,0.13256213068962097,0.5903865778390588,14.796405087714533,0.8242543,0.0025897506,0.922722
310,0.2738778293132782,0.19207472385225763,11.645031118236076,0.6028476,0.031620555,0.834533
311,0.1469353884458542,0.26388307232246155,14.349335815204709,0.6589807,0.013909018,0.9214959
312,0.12304634600877762,0.6026874170941685,15.119912398099453,0.83765024,0.002847525,0.9282742
313,0.3805592954158783,0.021831658272697323,10.216376688973591,0.23801878,0.012932878,0.77194023
314,0.306586354970932,0.038144942182937916,11.155071506952694,0.28517067,0.011419354,0.82126796
315,0.2656874656677246,0.30666563334453106,11.776889174661429,0.64702773,0.026340041,0.84101987
316,0.3264486789703369,0.059745991886783416,10.882451146744119,0.24358568,0.018647451,0.7965627
317,0.3288361728191376,0.08947526933293412,10.850804211742375,0.26665354,0.014537236,0.7966343
318,0.4284608066082001,0.1041366763227844,9.70148885407744,0.24169472,0.009712807,0.73121154
319,0.32990938425064087,0.09552654161034448,10.836653288176004,0.29701042,0.011916634,0.79338104
320,0.20457373559474945,0.509974025319333,12.912101044431342,0.7393436,0.004178829,0.8805981
321,0.2198638767004013,0.11725759290376185,12.599061275072758,0.5474117,0.018597787,0.8857285
322,0.1608952283859253,0.29002441423233166,13.955168127766619,0.698295,0.0153971985,0.9118266
323,0.18974050879478455,0.48329628001807606,13.238999259673525,0.76614237,0.012202572,0.8879537
324,0.27461016178131104,0.1582299832784771,11.633434080196064,0.40884298,0.020835338,0.8317751
325,0.1773536503314972,0.1952597567779618,13.532199211082672,0.56006896,0.012929999,0.9012329
326,0.19766514003276825,0.1953043606676342,13.061299325181393,0.58275473,0.01908982,0.88544184
327,0.21870873868465424,0.1262216586141943,12.621938561879528,0.37931606,0.01211112,0.878128
328,0.1642683446407318,0.1998727228432968,13.865061542700435,0.4838254,0.010354623,0.90943545
329,0.17960625886917114,0.2385855552075096,13.477384981277309,0.645655,0.01780172,0.8991514
330,0.22674895823001862,0.07609026053492655,12.465147127932363,0.31958866,0.012610353,0.8723505
331,0.2748454213142395,0.1915535559735361,11.62971456532506,0.6342609,0.03842042,0.83200556
332,0.17940546572208405,0.19117683267958913,13.482242966215894,0.49456534,0.013212541,0.89349324
333,0.11646385490894318,0.6206453363901805,15.35868815838561,0.8943627,0.017591896,0.9495951
334,0.17793729901313782,0.5962792454562934,13.517930348706397,0.7354635,0.0013331752,0.8960772
335,0.15339550375938416,0.24198387044627212,14.162473858431852,0.6157427,0.013668559,0.913439
336,0.2261241227388382,0.3175161293436473,12.477131270502511,0.7188805,0.029163292,0.87088835
337,0.17102865874767303,0.18980829934767554,13.689911159185762,0.54947,0.013604685,0.9018244
338,0.28110724687576294,0.2544471851753529,11.531879624079252,0.49024063,0.020489475,0.82456595
339,0.2221624255180359,0.47839520934494917,12.553894117733279,0.7135062,0.00461163,0.8697453
340,0.15562057495117188,0.24336551068318082,14.099929572302063,0.6312162,0.012859391,0.9158582
341,0.2651003301143646,0.25413665603697183,11.786497450186136,0.5358592,0.026898606,0.83553773
342,0.505530595779419,-0.01648976419384164,8.983125372231434,0.16299435,0.022394229,0.68624985
343,0.28920453786849976,0.1066331963537334,11.408549146640325,0.34506598,0.022051817,0.82076883
344,0.2174372375011444,0.21182522217290065,12.647260414559183,0.5558024,0.0107630845,0.8749403
345,0.20970050990581512,0.1728427404260469,12.804605448632536,0.54228115,0.019722933,0.8795662
346,0.3725368082523346,0.10716353156245036,10.308908398394262,0.40619323,0.039793078,0.7658773
347,0.25097203254699707,0.233359286441104,12.024346200324239,0.66420007,0.03155481,0.8487316
348,0.03940091282129288,0.7996169129292258,20.065536973738705,0.9850471,0.0076331263,0.9937439
349,0.3259136974811554,0.12984270172587872,10.889573792615563,0.46873158,0.03526773,0.7973696
350,0.16950097680091858,0.20358047406518967,13.728877862341111,0.49808073,0.011742944,0.9094706
351,0.20246069133281708,0.33608447777853956,12.957192575400658,0.7631912,0.026266154,0.8818361
352,0.18489600718021393,0.17017686550677677,13.351324455488975,0.5907167,0.015399012,0.896773
353,0.1343812197446823,0.3053978846296822,14.737214226853133,0.68150985,0.010733227,0.9258538
354,0.17875313758850098,0.19348145669089506,13.498063212936895,0.5543101,0.013162799,0.90032303
355,0.28643807768821716,0.18564110739572234,11.450292833737697,0.55506575,0.025227567,0.82387364
356,0.2505096197128296,0.2203271054958132,12.032356015938355,0.49088687,0.020485852,0.8500525
357,0.2736027240753174,0.23529193622843278,11.649395525575624,0.5112676,0.027367242,0.82997787
358,0.13320286571979523,0.6042618500174616,14.775464162738828,0.8251585,0.0013413816,0.9227156
359,0.17683552205562592,0.2428485239540373,13.544904707798702,0.6490542,0.017963424,0.9010044
360,0.41497525572776794,0.23333910079969983,9.84037767260287,0.3568343,0.0018221065,0.750894
361,0.28790560364723206,0.2050387227647045,11.428098688546031,0.46912593,0.028008202,0.8199867
362,0.16751736402511597,0.18897876937869812,13.78000175222281,0.6819979,0.016207278,0.9162859
363,0.3000057339668274,0.19847538880216128,11.249304375599511,0.4364376,0.02405911,0.8113886
364,0.1985252946615219,0.510203136250999,13.04244154380974,0.7460183,0.0044007474,0.8834204
365,0.16440410912036896,0.20752779662414034,13.86147291424598,0.5781487,0.013632004,0.9068091
366,0.29561203718185425,0.2054840352407042,11.313379028945235,0.44656515,0.02505542,0.8144656
367,0.014891660772264004,0.9093062920141811,24.29116865200102,0.979058,0.000207054,0.9916634
368,0.1894032210111618,0.15456955081134774,13.24672643153498,0.6283264,0.018513793,0.904651
369,0.1700229048728943,0.26933943745170236,13.715525577630368,0.67625296,0.016161853,0.9085442
370,0.14026032388210297,0.2696083139083287,14.55125140091421,0.58247757,0.010620381,0.9253267
371,0.29138433933258057,0.1523289610275783,11.375937867004618,0.57113266,0.036366932,0.8206357
372,0.19979119300842285,0.12032109490174353,13.014836885167886,0.57039785,0.019340351,0.8931642
373,0.30886995792388916,0.17514498990889224,11.122843114331735,0.40917826,0.024947643,0.8053489
374,0.4947326183319092,-0.002114882632382387,9.076894600918843,0.19354664,0.020015864,0.690921
375,0.1785959005355835,0.20368699930956558,13.501885164072352,0.5650042,0.011000149,0.8995868
376,0.21772804856300354,0.30005564030080895,12.64145612854859,0.7395309,0.02904778,0.8716985
377,0.13350535929203033,0.588605051762078,14.76561333793812,0.8231916,0.0027070623,0.92227364
378,0.2953394949436188,0.14437263810338835,11.317384809702736,0.36219686,0.015414734,0.8165503
379,0.12760671973228455,0.5979049398870715,14.961864271425648,0.8311683,0.0023123268,0.9255493
380,0.39580291509628296,0.09781018899888876,10.045809944352351,0.1821766,0.0006080137,0.7690966
381,0.14713504910469055,0.25102517720204726,14.343438136340046,0.5745319,0.01180655,0.92355454
382,0.20687948167324066,0.23596738618214072,12.863425563834127,0.58003515,0.008062203,0.878658
383,0.4126932621002197,0.07320400747376571,9.864326525417459,0.34325808,0.010126392,0.741179
384,0.585969090461731,0.09203278322011965,8.341852658742827,0.23988537,0.001240166,0.67387384
385,0.19388806819915771,0.219863256608898,13.145088963009997,0.60543424,0.018010935,0.89085644
386,0.26822489500045776,0.2052419161839432,11.735609250652644,0.6117624,0.029034937,0.8363073
387,0.2950119078159332,0.18611379510368037,11.32220440020063,0.4497956,0.029137038,0.8152924
388,0.2099606692790985,0.1304179175068001,12.799220846751991,0.5766306,0.018992241,0.8927549
389,0.36488333344459534,0.11962269065605308,10.399059634006317,0.42269513,0.034633085,0.77055347
390,0.31240007281303406,0.07916194680969477,11.073488401129644,0.28132236,0.020394076,0.8047693
391,0.13704320788383484,0.5852154133396901,14.652024721664038,0.8181114,0.0023633447,0.9201593
392,0.1546938419342041,0.20177723208349968,14.125870179479003,0.72342724,0.018764473,0.9224392
393,0.17551690340042114,0.24631469329691122,13.577410128558425,0.6564468,0.01921434,0.9013841
394,0.1727614551782608,0.1912973177178692,13.646131629121998,0.53468287,0.01250283,0.89925724
395,0.5011886954307556,0.014597775000149625,9.020587386963841,0.09769737,0.00043996953,0.71249145
396,0.1313462108373642,0.5107101026387532,14.83642466686807,0.80143535,0.01445578,0.9253871
397,0.21518060564994812,0.10976024485644903,12.692568217085004,0.5428996,0.018422013,0.8863797
398,0.17031258344650269,0.2822459744128845,13.708132182761453,0.67097723,0.013477525,0.9075438
399,0.2553313374519348,0.273947425374005,11.949558415335918,0.56608796,0.02752684,0.8428962
400,0.2658954858779907,0.29168647196813013,11.77349017382237,0.53881776,0.021354377,0.8374166
401,0.31273192167282104,0.16372664458376224,11.06887793214006,0.3961749,0.026385866,0.8027874
402,0.2109082043170929,0.11943280636219882,12.779665303794392,0.5606191,0.019227099,0.89030725
403,0.21564987301826477,0.49722732772850425,12.683107856868737,0.72471166,0.003910436,0.87425196
404,0.298265665769577,0.18328181128409665,11.274567336079999,0.4379974,0.027724247,0.81274796
405,0.34966278076171875,0.1411563748803904,10.58410551538119,0.46658203,0.039153725,0.7810534
406,0.281588077545166,0.12688867690682426,11.524457535398414,0.37386265,0.022445407,0.82623863
407,0.32895633578300476,0.1736823104779921,10.849217502485171,0.5214952,0.039190196,0.79515046
408,0.3617139160633087,0.13920985671960026,10.43694790128836,0.43305796,0.027612107,0.77181876
409,0.21156920492649078,0.1753211226912017,12.76607546166981,0.5355649,0.01739892,0.8761374
410,0.36594220995903015,0.11648281846270792,10.386474609412053,0.30030712,0.016690744,0.76505154
411,0.14369699358940125,0.2272572948136521,14.446122899445177,0.74435616,0.015682701,0.9290184
412,0.1968008130788803,0.2153435891893671,13.080331058725797,0.61066794,0.020052912,0.8919798
413,0.18326766788959503,0.21626867450012927,13.389741492565214,0.52464724,0.009416461,0.893167
414,0.26311683654785156,0.2634644705099802,11.819113644347611,0.5413203,0.02611196,0.8377866
415,0.22690241038799286,0.14908041837511407,12.462208731546747,0.51897484,0.018216586,0.8725762
416,0.13212132453918457,0.5801802017309411,14.810871120113628,0.82457143,0.0035206822,0.9227749
417,0.2546440064907074,0.2242471742571701,11.961265745528873,0.6521131,0.030866753,0.8458146
418,0.3245695233345032,0.1441735223752027,10.9075221603657,0.4941618,0.040416636,0.80018854
419,0.20711618661880493,0.180847167602156,12.858459164790165,0.56882334,0.019143842,0.8829782
420,0.1865091472864151,0.2297541920794655,13.31359828977706,0.61831826,0.019141948,0.8941698
421,0.19761373102664948,0.20633655374295204,13.06242838664771,0.5826553,0.019381605,0.88525516
422,0.28281500935554504,0.2950346107724975,11.505575570757859,0.49679148,0.014891345,0.8233451
423,0.42726609110832214,0.10834994062518993,9.713615159919913,0.24153063,0.0078047533,0.7358765
424,0.2265992909669876,0.15544822199504885,12.46801491232603,0.47623998,0.018201325,0.8668192
425,0.29316452145576477,0.06711674461609415,11.349485786920777,0.32066795,0.008356591,0.8302566
426,0.15117226541042328,0.21022184068059996,14.225878729076038,0.71780956,0.016800964,0.9214521
427,0.28561094403266907,0.11478040276861892,11.462851549813116,0.32454216,0.011369603,0.8293839
428,0.24971279501914978,0.3246097442765445,12.046192390471154,0.69602036,0.030433161,0.85262233
429,0.3328217566013336,0.16718116784198903,10.798482732747502,0.506055,0.03710726,0.7924258
430,0.16302821040153503,0.2801409692514095,13.89797253759539,0.7048488,0.019268714,0.91188097
431,0.35305264592170715,0.16094346447915853,10.542205417188962,0.45242342,0.03395183,0.7786823
432,0.22192108631134033,0.10165871844237549,12.558614616692099,0.51955444,0.01656928,0.88035053
433,0.17243677377700806,0.1930016326943647,13.654300896862853,0.53478867,0.012745844,0.8993992
434,0.4152793884277344,0.06946537445121577,9.837196128910115,0.24962541,0.0016838148,0.7516145
435,0.017215657979249954,0.842921305728753,23.66136371254665,0.97895014,0.0013548458,0.99138176
436,0.18641401827335358,0.22506756766319094,13.315814424652277,0.6237072,0.018243397,0.89434046
437,0.2770059108734131,0.06663164761711647,11.595709559009395,0.30922657,0.012076573,0.8416729
438,0.26033109426498413,0.02948118126656211,11.865339749208228,0.21687819,0.008503887,0.8460035
439,0.23573245108127594,0.26236428146109597,12.296406403705706,0.70411247,0.031359583,0.8614928
440,0.25704705715179443,0.24314343262356053,11.920473308585237,0.6463944,0.031920608,0.84426254
441,0.056363753974437714,0.7572504590065334,18.51060070949688,0.9660759,0.009754404,0.97973937
442,0.1305469423532486,0.3034805915477508,14.862933234257067,0.6356545,0.011070716,0.9333808
443,0.16868522763252258,0.264328521666981,13.749829352616121,0.68320847,0.017643195,0.9093109
444,0.23249571025371552,0.20470936187830527,12.356450480400053,0.51884013,0.012462918,0.8659821
445,0.019432220607995987,0.859344177852454,23.1353755946826,0.9865869,0.0023810072,0.9911588
446,0.22302456200122833,0.34302124040863236,12.537072741264051,0.7544374,0.031161642,0.8675935
447,0.3764384388923645,0.09762988447029844,10.263660206238148,0.3940103,0.039188888,0.76295066
448,0.03168661147356033,0.8533416493634177,21.011841840924227,0.9762747,0.003252779,0.9824013
449,0.19087369740009308,0.14092726442729994,13.213139017268762,0.5853729,0.017994788,0.8958637
450,0.11472348868846893,0.5660251008677643,15.424076692269184,0.8981935,0.015709238,0.9351455
451,0.09487704932689667,0.41949289221159514,16.248988464838668,0.7607226,0.009227549,0.9532389
452,0.24484902620315552,0.13182594492499905,12.131615643046691,0.5238374,0.016050648,0.86920744
453,0.4673890173435211,0.03055370086948349,9.323815131076206,0.24368273,0.019767,0.7059313
454,0.28895801305770874,0.16108881266465822,11.412252454496807,0.57960653,0.036745057,0.82228506
455,0.12475642561912537,0.6178209698621437,15.059970845614124,0.8360374,0.001727011,0.92754954
456,0.21616162359714508,0.4981612803556269,12.67281364305282,0.72443604,0.003278355,0.8736121
457,0.16456100344657898,0.4342233260462353,13.857330462839176,0.82054013,0.020457683,0.9052609
458,0.12390735000371933,0.31337181994201296,15.089629131411943,0.6574906,0.011167539,0.9370161
459,0.1771668791770935,0.24334291743705327,13.536774109904485,0.6545155,0.01753931,0.90313727
460,0.20961926877498627,0.18548879432703622,12.80628806038152,0.5378525,0.01891911,0.87657136
461,0.15376615524291992,0.24933255654480693,14.151992553238465,0.6375189,0.013822224,0.91739994
462,0.05484551936388016,0.7161155672424496,18.6291886668255,0.95148855,0.00834082,0.9761769
463,0.38089194893836975,0.08436533262945224,10.212581867583634,0.26663685,0.006149344,0.76056427
464,0.5109041333198547,-0.006893730458809729,8.937205791863352,0.1818001,0.016859297,0.6793332
465,0.5672349333763123,0.13340693286555086,8.482970051487678,0.25621176,0.008855264,0.67387825
466,0.2711348235607147,0.18814087200795362,11.688746703139444,0.6167675,0.03364007,0.83515596
467,0.2146403193473816,0.08665244277754704,12.70348657125318,0.3372079,0.011301176,0.8786895
468,0.1392766535282135,0.2803989115686555,14.581816419804696,0.58018327,0.009452996,0.92466986
469,0.19529007375240326,0.206291532764301,13.113797893979752,0.6031248,0.019138316,0.8921049
470,0.2012670934200287,0.19142095963886752,12.982872333876571,0.579376,0.018798666,0.8871373
471,0.2804090976715088,0.1772262436390204,11.54267899958784,0.5818052,0.029954532,0.8300762
472,0.011334248818457127,0.8734141447204203,25.476672675307697,0.99276745,0.001594509,0.996838
473,0.18463772535324097,0.22651839078512728,13.357395255178634,0.6306863,0.019446116,0.8970119
474,0.1445733904838562,0.2773213208655919,14.419716606827794,0.6556903,0.011162758,0.9207158
475,0.12680424749851227,0.5905666039383024,14.989261914034648,0.8356723,0.005462719,0.9259897
476,0.18464641273021698,0.26656852272042836,13.357190916869348,0.63102835,0.011492492,0.8968079
477,0.14338147640228271,0.2697033787551259,14.455669697601586,0.66601944,0.01354189,0.9227613
478,0.255710631608963,0.20669033039699902,11.943111801379807,0.47525606,0.019461375,0.8458513
479,0.2116236537694931,0.4995403182306422,12.764957733376463,0.7293539,0.003881755,0.8761492
480,0.2859251797199249,0.252777767935787,11.458076037443025,0.6228917,0.034903705,0.8259065
481,0.1890007108449936,0.23456970992770376,13.255965682385435,0.601972,0.017810564,0.8910368
482,0.26619216799736023,0.16280223511679923,11.768647432302725,0.42277348,0.02176361,0.8367106
483,0.29158031940460205,0.16408382156177223,11.37301797385417,0.41623026,0.010253921,0.82468444
484,0.29895251989364624,0.11069217078137107,11.264577507993758,0.31763792,0.020746144,0.8142818
485,0.1752990037202835,0.21589455445280706,13.58280540388801,0.658015,0.009186064,0.9068036
486,0.1418249011039734,0.2862480745120705,14.503075322102896,0.6544063,0.010824752,0.9206361
487,0.20074419677257538,0.1942949003837572,12.994170240607573,0.57600665,0.019332334,0.884255
488,0.17412009835243225,0.21620944165696837,13.612110699495387,0.5748293,0.012327123,0.90343523
489,0.18206645548343658,0.36582247796708967,13.418300915724533,0.6928635,0.021978332,0.89305407
490,0.18122655153274536,0.23713783168956476,13.438381379526527,0.6455723,0.018156774,0.90120053
491,0.20619933307170868,0.21069823711108002,12.877727631999411,0.5172347,0.0029168874,0.87654835
492,0.25922515988349915,0.05583692204232678,11.883828454828633,0.40590715,0.013098925,0.85271627
493,0.4993255138397217,-0.002054928528743651,9.036762647935392,0.070156224,0.007336462,0.7189989
494,0.28174513578414917,0.2784474382507961,11.5220357420316,0.61297387,0.02727386,0.8292406
495,0.24254995584487915,0.345628545702364,12.17258776216029,0.6980463,0.026586862,0.8557543
496,0.30762651562690735,0.13762317730721438,11.140362520478744,0.5254401,0.03576349,0.8100375
497,0.2537289559841156,0.08804136524549377,11.97690007618769,0.38712075,0.011496577,0.85485834
498,0.29947468638420105,0.08747822213663012,11.256998699643342,0.30595237,0.022828333,0.8142127
499,0.21066103875637054,0.18334829412623932,12.784757518665897,0.50676984,0.0049086963,0.8738466
500,0.18472346663475037,0.22834041181737452,13.355379428189242,0.6323424,0.018153898,0.8982957
501,0.20174002647399902,0.4110448738177161,12.972679191585792,0.71616036,0.024717208,0.8854852
502,0.13789744675159454,0.5564375925127971,14.625037826804327,0.81835055,0.0058295596,0.9192272
503,0.1248837560415268,0.3226254557408568,15.055540218322406,0.65465856,0.010854585,0.93647826
504,0.15866701304912567,0.2303151596339481,14.015733286777998,0.5927151,0.013041999,0.9094285
505,0.17891420423984528,0.16612341834547995,13.494151615584935,0.45663238,0.01175959,0.90283966
506,0.16083908081054688,0.22085870661669843,13.956684290883821,0.6006918,0.01401422,0.9107512
507,0.12787111103534698,0.31075023707262894,14.952875699620636,0.6381023,0.010495475,0.9338568
508,0.3863997459411621,0.07580422713203729,10.150231551493182,0.25177372,0.0053878897,0.7592233
509,0.18650266528129578,0.23189502807147896,13.313749168740852,0.636688,0.018043907,0.8996141
510,0.16138975322246552,0.19231761289493005,13.94184035974089,0.7048091,0.018258587,0.92015386
511,0.2235662341117859,0.5001325047812742,12.526537938161207,0.7181689,0.0024012423,0.8700793
512,0.2469930797815323,0.2578527164430341,12.093751686625025,0.50017715,0.020685405,0.8530915
513,0.21721869707107544,0.4724469335083048,12.651628132073272,0.7177735,0.0051347613,0.8715659
514,0.36364808678627014,0.048468424748061206,10.41378711700456,0.2203759,0.010410591,0.77306795
515,0.24953262507915497,0.07806674833568837,12.049326587368217,0.36632806,0.017724637,0.8579712
516,0.013202966190874577,0.9112666469713873,24.81388489025346,0.9793201,4.1762763e-05,0.9925468
517,0.35559630393981934,0.09405190052212892,10.511027513675042,0.28040323,0.0076354,0.7780702
518,0.012485862709581852,0.9017359844662927,25.056414375023106,0.9811547,5.0310882e-05,0.9929338
519,0.19445131719112396,0.22476126512340347,13.132490910341026,0.6087204,0.01509635,0.89269155
520,0.22624264657497406,0.08384830869504148,12.474855272442444,0.3141542,0.007633666,0.8681816
521,0.1303958147764206,0.6104873283862421,14.867963193695314,0.8287574,0.0014311834,0.9243111
522,0.1169123575091362,0.6177484772653004,15.341995768844182,0.84670043,0.0029441826,0.93197495
523,0.2613016664981842,0.04141849030811725,11.849178227741177,0.24835429,0.012392523,0.8484259
524,0.2560742497444153,0.31445658722582603,11.936940689603981,0.6833117,0.030600363,0.8451534
525,0.1931213140487671,0.23942230585029287,13.162297999857431,0.5889088,0.017411958,0.8863351
526,0.1632629930973053,0.441130727933612,13.891722181749774,0.8173387,0.019268122,0.90584916
527,0.36846083402633667,0.041692133506653926,10.356686779692755,0.22797464,0.005573686,0.7752319
528,0.2053304761648178,0.3244011234828802,12.896065552189667,0.621801,0.021840742,0.87679756
529,0.18110069632530212,0.19709044432701459,13.441398610745168,0.55780214,0.013448482,0.9000787
530,0.16815051436424255,0.2653601867618705,13.763618115660677,0.688859,0.019190488,0.90914255
531,0.2353772521018982,0.09806340012299128,12.302955057317496,0.5012765,0.019283956,0.8755457
532,0.5434727668762207,-0.0012119321247763325,8.66882201394405,0.23617186,0.002648829,0.67908853
533,0.18439266085624695,0.20858752847507728,13.363163858506217,0.5515527,0.007032118,0.8922336
534,0.2214003950357437,0.0669021980899239,12.568815907506659,0.3187147,0.012664886,0.8755954
535,0.2019144892692566,0.12173751969502451,12.968925032146863,0.391724,0.012316266,0.88875216
536,0.14346465468406677,0.27033082574658795,14.453150659413808,0.56514347,0.009754931,0.9223227
537,0.18565523624420166,0.19201496676739097,13.333527744557355,0.54817474,0.011377857,0.89540905
538,0.19449642300605774,0.3528392740418511,13.131483694551775,0.7876836,0.027183915,0.8881313
539,0.29659661650657654,0.16651027677686547,11.298938005824093,0.5462961,0.03433505,0.8164783
540,0.43340229988098145,0.06691049045847582,9.65168722942945,0.22920471,0.0013151702,0.7427551
541,0.34918707609176636,0.1356381804519718,10.590018569053605,0.3281154,0.017726377,0.77848077
542,0.5774102210998535,0.09091009604727024,8.405754859243626,0.18343309,0.016521428,0.65511256
543,0.1840609312057495,0.1475710676076691,13.370983676986665,0.62032163,0.019144999,0.9024836
544,0.16411493718624115,0.2848341458357778,13.869119087095665,0.68082815,0.013802669,0.908129
545,0.2940826714038849,0.03394610673812851,11.335905830569068,0.1864456,0.005602371,0.8233618
546,0.16939137876033783,0.20107733559698995,13.73168682210218,0.56835794,0.013892171,0.9048069
547,0.1015024483203888,0.6040670236049235,15.955834746423722,0.90701663,0.012766877,0.9426098
548,0.19796687364578247,0.2042989494261709,13.054674358377286,0.59946734,0.018555528,0.8895919
549,0.1992233395576477,0.49913956279080657,13.027197537613077,0.74467206,0.0058283606,0.8829678
550,0.26175418496131897,0.11387872135460647,11.84166319006067,0.38457394,0.013174022,0.84370923
551,0.22180931270122528,0.15716272295625353,12.560802228684922,0.5259381,0.018045757,0.874867
552,0.28937235474586487,0.1680904762139889,11.406029565475501,0.5580338,0.028904842,0.8221046
553,0.21163654327392578,0.37981682792204924,12.764693282663846,0.6856237,0.024681056,0.8759957
554,0.22540956735610962,0.09833259361195724,12.490876393674636,0.516956,0.019296922,0.88072443
555,0.3504795432090759,0.19375880407794233,10.573973009284845,0.348165,0.013963943,0.781581
556,0.15356086194515228,0.2385607534285427,14.15779433033645,0.6155853,0.013536498,0.9134393
557,0.18370170891284943,0.1662024032840003,13.379467885725836,0.6429273,0.018149728,0.90780354
558,0.18292495608329773,0.1558851076133879,13.397870259222419,0.43071336,0.011489449,0.89932215
559,0.22710609436035156,0.06733905552523199,12.458312365122291,0.28576058,0.009426312,0.868446
560,0.2432968020439148,0.07634691777609025,12.159236289048767,0.46602193,0.018393606,0.8682222
561,0.021507009863853455,0.8398569839937259,22.6947990995254,0.9894988,0.003612291,0.9948041
562,0.19436363875865936,0.4826762322620258,13.134449975107895,0.7535506,0.00943662,0.88526654
563,0.20405897498130798,0.12726597796523298,12.923043094343749,0.5838262,0.0192978,0.89523435
564,0.15062235295772552,0.24855059491706052,14.241705403718052,0.55982816,0.011408096,0.920884
565,0.12596526741981506,0.5178526541216237,15.018092040934018,0.898647,0.01963753,0.9339526
566,0.2904561758041382,0.19554897281233016,11.389793722672493,0.4619834,0.029567247,0.81805
567,0.3129452168941498,0.12704859951473504,11.065916374732929,0.51511323,0.03680882,0.8068899
568,0.15369543433189392,0.25748223745675897,14.153990020507582,0.6255964,0.010013967,0.9140365
569,0.16617272794246674,0.23292004136553357,13.81500215703658,0.59891105,0.009880014,0.9067689
570,0.15051783621311188,0.31211198625936026,14.24472001780089,0.7315165,0.015980449,0.92043406
571,0.2725476026535034,0.19828611780881636,11.6661761702406,0.5996963,0.028443674,0.83339643
572,0.37297481298446655,0.09256751691198077,10.303804718634414,0.3668284,0.021624528,0.7633004
573,0.1655915379524231,0.4193027217950372,13.830218639964599,0.84568286,0.025155703,0.9105804
574,0.28431713581085205,0.16999003961528383,11.482569613656056,0.587486,0.035192154,0.8254416
575,0.01978222467005253,0.8378540630383063,23.057848366695612,0.97671205,0.0017569293,0.9898601
576,0.16425767540931702,0.20227038377947604,13.865343442124692,0.49970478,0.01180733,0.9117388
577,0.27223852276802063,0.2147205308967747,11.671104439244612,0.61611557,0.034850795,0.8333729
578,0.27264603972435,0.20596086621416293,11.66460806588714,0.62009066,0.0356947,0.8328176
579,0.19648496806621552,0.1792423135771398,13.087306309620718,0.5163825,0.014192737,0.8906967
580,0.1618373692035675,0.23851823931620533,13.929811899102088,0.56392497,0.012417366,0.90447557
581,0.25911033153533936,0.19919381803448827,11.885752308261353,0.46212792,0.019434609,0.8430016
582,0.2502914071083069,0.26835571525246577,12.036140484026143,0.6787411,0.0314999,0.8491072
583,0.11832959204912186,0.6252153638003717,15.289666382777888,0.8445938,0.0022449007,0.9312043
584,0.40185460448265076,0.026106224364911747,9.979909924309714,0.17070752,0.0034062462,0.759292
585,0.20969168841838837,0.5111579708325787,12.804787509564843,0.73380375,0.00324976,0.877752
586,0.3112047016620636,0.17126125676182438,11.090137878083876,0.40014142,0.026617624,0.803518
587,0.22348026931285858,0.34506417752396557,12.528208007315065,0.65634274,0.026224118,0.8660678
588,0.13334153592586517,0.2976946797123162,14.770945311925018,0.61707276,0.010591243,0.930487
589,0.12693452835083008,0.6107175237285589,14.984802148490475,0.83293295,0.001722239,0.92621213
590,0.21311676502227783,0.30905306081827305,12.734423694002972,0.74823356,0.028480522,0.8762835
591,0.3095478117465973,0.0737996518642936,11.113322400110269,0.34078896,0.016088871,0.81472176
592,0.21131445467472076,0.18737833192498637,12.771307990516444,0.5746068,0.019368004,0.88366276
593,0.17496831715106964,0.21377826203863437,13.591006049264143,0.5754107,0.013905963,0.9044126
594,0.20464149117469788,0.1025076566852514,12.910663027953964,0.35414958,0.010744883,0.8843115
595,0.38103118538856506,0.09607407946541495,10.210994882396129,0.38956955,0.04062065,0.76168203
596,0.2744162082672119,0.21139317313387165,11.636502460546229,0.60205126,0.032819867,0.8319704
597,0.2899686098098755,0.1561061782454052,11.39709016500106,0.56476027,0.03365778,0.8216781
598,0.2615857720375061,0.22599670834346744,11.844458476937072,0.6368476,0.032713458,0.84167373
599,0.2089163362979889,0.19365000873071686,12.820875843825203,0.5593891,0.017705247,0.8807757
600,0.18222136795520782,0.2560266691321615,13.414606664196679,0.6381632,0.012469739,0.89761
601,0.21577461063861847,0.494175969369698,12.680596408713434,0.7238802,0.0034640373,0.8734022
602,0.3533346354961395,0.13634355007459156,10.538738323711046,0.43451735,0.040324446,0.78777736
603,0.14651356637477875,0.2617448268055123,14.361821152835484,0.6397214,0.012299848,0.91786325
604,0.28570666909217834,0.18133875237350172,11.461396240853702,0.56671613,0.02760708,0.824808
605,0.12003787606954575,0.6208622144419249,15.227416729705844,0.8420503,0.0025714533,0.930121
606,0.2348252832889557,0.3197803789430321,12.313151166926312,0.623458,0.026451832,0.8563524
607,0.19329063594341278,0.2108049842236818,13.15849209940138,0.5985332,0.018912202,0.8907681
608,0.12899330258369446,0.31806850344527304,14.91492847454383,0.62521386,0.009261567,0.93159395
609,0.1667875051498413,0.18560961683613655,13.798964876227078,0.67623276,0.016786551,0.91452795
610,0.2132466435432434,0.09927648770432772,12.731777730958589,0.35717356,0.012391688,0.88123095
611,0.4080444574356079,0.07109400620676812,9.913524743893655,0.3307615,0.026827505,0.7403921
612,0.1939930021762848,0.14544277404271902,13.142739007625167,0.42346293,0.012604614,0.89463335
613,0.013523109257221222,0.8864215378426323,24.709834272912346,0.97942513,0.00026547737,0.9923934
614,0.18697847425937653,0.2263384236719518,13.302684044217116,0.6190746,0.01836481,0.8930691
615,0.20539912581443787,0.3286807696817997,12.894614031034488,0.7623825,0.0274852,0.8800325
616,0.1897653490304947,0.19400796904815515,13.238430720037504,0.54481506,0.014426624,0.896274
617,0.21392019093036652,0.17212086439713323,12.718082368619452,0.546004,0.016736267,0.87913066
618,0.20534354448318481,0.20701860852860282,12.895789542414882,0.49652982,0.009971589,0.8806835
619,0.22551487386226654,0.1561225488510614,12.48884801779645,0.50845456,0.018497866,0.8697465
620,0.18073025345802307,0.1503225354422923,13.450291395140399,0.6337786,0.019758858,0.9047085
621,0.21001912653446198,0.18097725768563,12.798011445444153,0.55773884,0.016816558,0.8818393
622,0.12222492694854736,0.6130291933471853,15.149001876666455,0.8391754,0.0026420702,0.928888
623,0.28428903222084045,0.2790240707063051,11.48299854434751,0.6305882,0.033587776,0.8262157
624,0.20477251708507538,0.5144834088358687,12.90788279685858,0.7399076,0.0031582925,0.880244
625,0.12344925850629807,0.6110700228199082,15.105715141972835,0.7927897,0.0009196271,0.9279183
626,0.4325931966304779,0.15684426753356198,9.65980262575734,0.31424707,0.00407224,0.7397913
627,0.221623495221138,0.1648674807682646,12.564441821550485,0.5686014,0.010957673,0.87912273
628,0.16048042476177216,0.19022335594015827,13.966379250510723,0.70604074,0.019189106,0.9188893
629,0.14290861785411835,0.5809088603098884,14.470015525577129,0.8111868,0.0022789375,0.9173194
630,0.1269194483757019,0.5714999988111321,14.985317964674556,0.83527875,0.0058678463,0.92617965
631,0.03126618266105652,0.8437603525220886,21.069851702080502,0.9788926,0.0037886745,0.9840095
632,0.21281246840953827,0.18458956117725647,12.74062942300233,0.55488247,0.01825568,0.87956905
633,0.13430257141590118,0.2889555333013876,14.739756431072477,0.6068667,0.010474394,0.9290996
634,0.16255615651607513,0.4409622450554955,13.910565493340572,0.71106696,0.0125156725,0.903718
635,0.18550091981887817,0.18504515909077504,13.337139145785885,0.5152212,0.0077220085,0.8904746
636,0.20526619255542755,0.19632044373176827,12.897425715709883,0.58008844,0.018149499,0.8851507
637,0.20359587669372559,0.2625226383568904,12.932910301260709,0.57964766,0.006614513,0.88108367
638,0.2515096962451935,0.24669436514108203,12.015052652634232,0.6712813,0.03404869,0.84839714
639,0.024577299132943153,0.861609700339854,22.115258795478322,0.98146,0.0025595534,0.9867397
640,0.244759663939476,0.13936292689818816,12.133201740769021,0.44991484,0.016221927,0.85531276
641,0.1981450915336609,0.20012247155844773,13.050766829332265,0.5827993,0.018634785,0.88773555
642,0.27424728870391846,0.23319272900283045,11.639176432901957,0.51090753,0.028017936,0.8292613
643,0.18688800930976868,0.14209466951359156,13.304785711583044,0.4124575,0.011065957,0.8961326
644,0.16270269453525543,0.22383856842347732,13.906652505364907,0.53015125,0.012050551,0.9147511
645,0.1156260073184967,0.5731286453929815,15.390044820744762,0.887426,0.013887895,0.9333979
646,0.21769757568836212,0.3056219020966163,12.64206401214369,0.73540056,0.028226573,0.87163115
647,0.21229907870292664,0.11563209110167655,12.75111907956854,0.4992817,0.020343252,0.8800881
648,0.20019970834255219,0.1762065677051524,13.005965645673621,0.5138511,0.007609166,0.882227
649,0.21698768436908722,0.11135925048775105,12.656248921783607,0.5395928,0.01739141,0.8848365
650,0.17766283452510834,0.24353498094599724,13.524633932791764,0.6532363,0.01748676,0.9010971
651,0.2779116630554199,0.28519940997414006,11.581532301102225,0.62157005,0.027161593,0.8322106
652,0.2983700931072235,0.17922663291097737,11.273047136892805,0.5358293,0.02786102,0.81644464
653,0.1898788958787918,0.13821986493989363,13.235832909171199,0.5992382,0.018859051,0.898599
654,0.37452515959739685,0.09054136298581104,10.285790021361903,0.27460432,0.0031561286,0.77437866
655,0.10435886681079865,0.3790747853666943,15.835306037845875,0.6987843,0.007805186,0.94331765
656,0.26609736680984497,0.21720335075777497,11.770194203014752,0.6246329,0.032784127,0.8382428
657,0.3021915555000305,0.04115369691078004,11.217776586320834,0.34966883,0.0099003725,0.82428133
658,0.16361123323440552,0.22094773199415982,13.882468644743984,0.6035954,0.013963852,0.9108539
659,0.24889922142028809,0.2924807254796389,12.060364725005265,0.58308697,0.026643548,0.84752995
660,0.5844064950942993,0.1509024879777232,8.353449535071052,0.29133248,0.0019860582,0.6484146
661,0.1553436517715454,0.23198172650850474,14.107664923859286,0.51295066,0.009795796,0.9143282
662,0.1390211582183838,0.2744032629784782,14.589790816656159,0.5880344,0.010423131,0.9260706
663,0.24044182896614075,0.11426597242753506,12.210499859139523,0.44395342,0.017332362,0.85884875
664,0.27791979908943176,0.17928286446034736,11.581405019275955,0.40189266,0.01558846,0.8304581
665,0.4763202965259552,-0.013686179126661372,9.2416087844552,0.07284401,0.0017005927,0.7277357
666,0.1990446001291275,0.12238462449211751,13.031095811334982,0.5779522,0.019517075,0.89461994
667,0.36693480610847473,0.11886578912929485,10.374710782771203,0.4161188,0.03176666,0.7683012
668,0.575431764125824,-0.007945219569077129,8.420661890423375,0.05775904,0.00068512105,0.67536676
669,0.20594872534275055,0.20531347624066165,12.883008590379943,0.57577604,0.0144823305,0.8843985
670,0.2583546042442322,0.21640468524020426,11.898437799237197,0.646431,0.032135863,0.8454233
671,0.17586159706115723,0.24543141428749693,13.568890086595328,0.65977037,0.019231303,0.9028185
672,0.2166414111852646,0.5024352736863218,12.663185193039837,0.72464,0.0029863077,0.8734512
673,0.21301321685314178,0.17952123491007166,12.736534447506669,0.55221725,0.018600667,0.879182
674,0.18219424784183502,0.19982505893221217,13.415253278221355,0.6007955,0.0090547465,0.89832747
675,0.18550682067871094,0.232869862927033,13.33700145546767,0.6379205,0.01833941,0.8980128
676,0.17043118178844452,0.21226989008122593,13.705109895920433,0.57688147,0.01397492,0.90581757
677,0.2138330042362213,0.09485834888752931,12.719852072609218,0.3476931,0.010617199,0.87878376
678,0.13872985541820526,0.27901875947487903,14.598900414214803,0.5852684,0.010154996,0.92570615
679,0.277449369430542,0.22931493640136663,11.58876288812597,0.50025475,0.027852133,0.8272627
680,0.32123681902885437,0.13510312783735812,10.952346779313032,0.51768696,0.040144682,0.8048804
681,0.27475908398628235,0.22859755059723907,11.63107919899819,0.5132722,0.029413192,0.8290474
682,0.07002493739128113,0.7251228661861363,17.568072633693205,0.95275736,0.011879095,0.9684635
683,0.18118438124656677,0.15204177727713059,13.439392571163037,0.6292162,0.01903011,0.9041267
684,0.3384397029876709,0.10802889657245318,10.725787254612637,0.4324032,0.029449059,0.78942186
685,0.2099890410900116,0.1928334238686193,12.7986333704712,0.5774876,0.017507114,0.88357323
686,0.3673623204231262,0.11546204034080305,10.3696537931496,0.41482857,0.032291032,0.7680682
687,0.2197248488664627,0.5070772226107552,12.601808334998285,0.72411895,0.002163479,0.872397
688,0.23317566514015198,0.10673546715505543,12.343767410558005,0.35026726,0.0076300874,0.8639891
689,0.24973876774311066,0.2336615562729522,12.045740171237425,0.664482,0.030782403,0.8493471
690,0.1897156536579132,0.21603473720076052,13.239568365762233,0.61110103,0.01861616,0.89142174
691,0.09296398609876633,0.6649177067197305,16.337452415514,0.9225929,0.014643029,0.9522117
692,0.36196479201316833,0.07955963544189533,10.43393652958131,0.37809256,0.025058402,0.77189034
693,0.19158437848091125,0.2098703106871766,13.196999116844282,0.6027032,0.01903528,0.8914135
694,0.1873120218515396,0.2282311174175981,13.294943410030548,0.6247341,0.018495144,0.8947196
695,0.2814670205116272,0.19384366444510231,11.526324673814612,0.5853838,0.033700302,0.82699907
696,0.15651489794254303,0.33611336177646006,14.075043105305738,0.6851027,0.011374753,0.91022474
697,0.187762051820755,0.14026380602889962,13.284522022398097,0.6142497,0.019593786,0.9015056
698,0.028037158772349358,0.7952732651933165,21.543259817876134,0.97387874,0.0036824772,0.9877704
699,0.2643123269081116,0.1861162925875565,11.799425820179856,0.4426074,0.02023661,0.8391328
700,0.20452898740768433,0.11964003072473343,12.913051504567981,0.57192254,0.01970662,0.89326775
701,0.19467568397521973,0.21657911980522734,13.127482828075912,0.5911101,0.018917145,0.88698876
702,0.2997600734233856,0.12303794538332692,11.252862398212562,0.29325995,0.0069316993,0.81972325
703,0.17418397963047028,0.26229192341691315,13.610518174993015,0.6571802,0.018841421,0.9012319
704,0.19451533257961273,0.3627856703331282,13.13106173329897,0.6494454,0.01903659,0.8842026
705,0.1208806112408638,0.6031990828014687,15.19703290166165,0.8436134,0.005073639,0.92961377
706,0.3690454661846161,0.11602046784862091,10.349801320823051,0.41088054,0.036850523,0.7673756
707,0.14649471640586853,0.26105584895136297,14.362380716915194,0.64125216,0.012347094,0.9181556
708,0.21485215425491333,0.10626824113637104,12.699202621798516,0.35955328,0.012213271,0.88016057
709,0.20577247440814972,0.1994878255954221,12.886727052883147,0.583117,0.018735228,0.8858133
710,0.3454708158969879,0.15127958884233733,10.636486219619162,0.47232383,0.03650375,0.7836188
711,0.1537497639656067,0.23832126119297514,14.15245524879045,0.54500127,0.011164099,0.91841835
712,0.22753404080867767,0.2729683195182528,12.450136223057058,0.5442764,0.018145273,0.863046
713,0.2415764480829239,0.26347082367547875,12.190054263963807,0.50666755,0.015301327,0.85452425
714,0.3095230162143707,0.16809102565481632,11.113670507014877,0.50495565,0.024546143,0.8087792
715,0.16933369636535645,0.1861710951289293,13.733165990083169,0.6814433,0.017041946,0.91612846
716,0.3413943350315094,0.09738163337339553,10.688036354396193,0.22679785,0.0018682163,0.7933762
717,0.11753187328577042,0.616360177680675,15.319043131700695,0.84591013,0.0032808997,0.9316113
718,0.2049780935049057,0.1550216694768472,12.903525744203609,0.47651482,0.007328569,0.8781123
719,0.22121034562587738,0.3158347467884175,12.572545663070079,0.7238911,0.028107498,0.8698656
720,0.26709967851638794,0.2112557810913071,11.753866336246414,0.63009465,0.034673657,0.8369811
721,0.1560046225786209,0.45054880436125005,14.089225316363132,0.8549296,0.023044918,0.9104926
722,0.23127613961696625,0.3990291752794773,12.379291761456097,0.6890488,0.018181615,0.86450404
723,0.20100395381450653,0.5130277021506104,12.988553930127427,0.7437814,0.0036247205,0.8821725
724,0.15970274806022644,0.5410567256953944,13.987475921094521,0.78635854,0.0041605253,0.9071611
725,0.2394365519285202,0.0820545176467465,12.228695630088088,0.32394722,0.008722986,0.86051935
726,0.16410458087921143,0.1826381014425727,13.869393068515146,0.69461954,0.019391118,0.9166296
727,0.6552355885505676,-0.01427259662920154,7.856624932968374,0.0017500333,0.0029663146,0.64537644
728,0.19436980783939362,0.20026488090294783,13.13431182053143,0.6000689,0.019400219,0.89117473
729,0.20149880647659302,0.20961832970345667,12.97787484087005,0.592291,0.016062558,0.8872362
730,0.26742541790008545,0.16608325327931295,11.748573058028347,0.43483537,0.021615341,0.8376702
731,0.2932789623737335,0.18267102964984422,11.347790790007855,0.38318318,0.011895688,0.82309294
732,0.1766446977853775,0.24269271678626075,13.549593454091726,0.6555166,0.019343955,0.90158474
733,0.13873006403446198,0.5936723834631026,14.598893872367665,0.8176253,0.0013539335,0.91951567
734,0.15189430117607117,0.261151939972298,14.205185269947776,0.6369663,0.01254965,0.91718495
735,0.27300378680229187,0.028278738974034594,11.658913165028366,0.2991449,0.016768182,0.8426673
736,0.15063413977622986,0.2459082591709631,14.241365656971725,0.6396095,0.014117079,0.91783077
737,0.27288684248924255,0.1733648573683225,11.66077384716883,0.41926503,0.01927948,0.832885
738,0.16333524882793427,0.2779096351096537,13.889800418739002,0.69807875,0.017295003,0.9125561
739,0.16556589305400848,0.28229824557957195,13.830891027921751,0.6918045,0.016156737,0.9121857
740,0.6358349919319153,-0.021647041585138065,7.987155803796044,0.08843229,0.0036258553,0.62794685
741,0.1827152818441391,0.1664488049686313,13.402851564086273,0.49747038,0.012460945,0.8926777
742,0.23259003460407257,0.29420492742961074,12.35468886725019,0.7059673,0.029794155,0.8671613
743,0.34232354164123535,0.10982111233267859,10.676232471736176,0.29571193,0.0020795395,0.794137
744,0.21664561331272125,0.1085585879523512,12.663101010745068,0.3676963,0.013008673,0.8802175
745,0.17867788672447205,0.19463295379039267,13.499891806925842,0.55905575,0.012511881,0.90033567
746,0.25027143955230713,0.2852791518906554,12.036486853571436,0.58306587,0.027217131,0.8455876
747,0.2958982586860657,0.20565931405739815,11.309175768767135,0.44700348,0.024669014,0.81428665
748,0.1563425064086914,0.24999017248936536,14.079829540507502,0.6238699,0.010951255,0.91366506
749,0.2017078846693039,0.1938609456949413,12.97337127019591,0.5019324,0.011662718,0.88462114
